Total Profit,Sharpe Ratio,Win Rate
-163340,-620.5124381625411,0.010111953773925604
