Total Profit,Sharpe Ratio,Win Rate
"[10, -15, 10, -15, -15, -15, 10, -15, -15, -15, -15, -15, -15, -15, 10, -15, 10, 10, -15, 10, 10, -15, -15]",-2.5392256037356473,0.34782608695652173
