Total Profit,Sharpe Ratio,Win Rate
-165760,-683.165875696154,0.008475332322241057
